old_relative_path,new_relative_path,old_filename,new_filename
".\source_traceability\registries\v37_2_all_figures_source_traceability__Figure_1_manifest_20260516_044841__20260516_065305__20260516_065305__postR_20260516_065323.tsv",".\source_traceability\registries\trace_registry_001_33C7239D515D.tsv","v37_2_all_figures_source_traceability__Figure_1_manifest_20260516_044841__20260516_065305__20260516_065305__postR_20260516_065323.tsv","trace_registry_001_33C7239D515D.tsv"
".\source_traceability\registries\v37_2_all_figures_source_traceability__Figure_1_manifest_20260516_044841__20260516_065305__20260516_065305__postR_20260516_065323__postR_20260516_065323.tsv",".\source_traceability\registries\trace_registry_002_33C7239D515D.tsv","v37_2_all_figures_source_traceability__Figure_1_manifest_20260516_044841__20260516_065305__20260516_065305__postR_20260516_065323__postR_20260516_065323.tsv","trace_registry_002_33C7239D515D.tsv"
".\source_traceability\registries\v37_2_all_figures_source_traceability__Figure_1_manifest_20260516_044841__20260516_065305__postR_20260516_065323__postR_20260516_065323.tsv",".\source_traceability\registries\trace_registry_003_33C7239D515D.tsv","v37_2_all_figures_source_traceability__Figure_1_manifest_20260516_044841__20260516_065305__postR_20260516_065323__postR_20260516_065323.tsv","trace_registry_003_33C7239D515D.tsv"
".\source_traceability\registries\v37_2_all_figures_source_traceability__Figure_1_manifest_20260516_044841__postR_20260516_065323__postR_20260516_065323.tsv",".\source_traceability\registries\trace_registry_004_33C7239D515D.tsv","v37_2_all_figures_source_traceability__Figure_1_manifest_20260516_044841__postR_20260516_065323__postR_20260516_065323.tsv","trace_registry_004_33C7239D515D.tsv"
".\source_traceability\registries\v37_2_all_figures_source_traceability__Figure_1_manifest_20260516_045536__20260516_065305__20260516_065305__postR_20260516_065323.tsv",".\source_traceability\registries\trace_registry_005_D6CDD1165771.tsv","v37_2_all_figures_source_traceability__Figure_1_manifest_20260516_045536__20260516_065305__20260516_065305__postR_20260516_065323.tsv","trace_registry_005_D6CDD1165771.tsv"
".\source_traceability\registries\v37_2_all_figures_source_traceability__Figure_1_manifest_20260516_045536__20260516_065305__20260516_065305__postR_20260516_065323__postR_20260516_065323.tsv",".\source_traceability\registries\trace_registry_006_D6CDD1165771.tsv","v37_2_all_figures_source_traceability__Figure_1_manifest_20260516_045536__20260516_065305__20260516_065305__postR_20260516_065323__postR_20260516_065323.tsv","trace_registry_006_D6CDD1165771.tsv"
".\source_traceability\registries\v37_2_all_figures_source_traceability__Figure_1_manifest_20260516_045536__20260516_065305__postR_20260516_065323__postR_20260516_065323.tsv",".\source_traceability\registries\trace_registry_007_D6CDD1165771.tsv","v37_2_all_figures_source_traceability__Figure_1_manifest_20260516_045536__20260516_065305__postR_20260516_065323__postR_20260516_065323.tsv","trace_registry_007_D6CDD1165771.tsv"
".\source_traceability\registries\v37_2_all_figures_source_traceability__Figure_1_manifest_20260516_045536__postR_20260516_065323__postR_20260516_065323.tsv",".\source_traceability\registries\trace_registry_008_D6CDD1165771.tsv","v37_2_all_figures_source_traceability__Figure_1_manifest_20260516_045536__postR_20260516_065323__postR_20260516_065323.tsv","trace_registry_008_D6CDD1165771.tsv"
".\source_traceability\registries\v37_2_all_figures_source_traceability__Figure_1_manifest_v36_20260516_061604__20260516_064005__20260516_065305__20260516_065305.tsv",".\source_traceability\registries\trace_registry_009_20F70D08ACBF.tsv","v37_2_all_figures_source_traceability__Figure_1_manifest_v36_20260516_061604__20260516_064005__20260516_065305__20260516_065305.tsv","trace_registry_009_20F70D08ACBF.tsv"
".\source_traceability\registries\v37_2_all_figures_source_traceability__Figure_1_manifest_v36_20260516_061604__20260516_064005__20260516_065305__20260516_065305__postR_20260516_065323.tsv",".\source_traceability\registries\trace_registry_010_20F70D08ACBF.tsv","v37_2_all_figures_source_traceability__Figure_1_manifest_v36_20260516_061604__20260516_064005__20260516_065305__20260516_065305__postR_20260516_065323.tsv","trace_registry_010_20F70D08ACBF.tsv"
"","","v37_2_all_figures_source_traceability__Figure_1_manifest_v36_20260516_061604__20260516_064005__20260516_065305__20260516_065305__postR_20260516_065323__postR_20260516_065323.tsv","trace_registry_011_20F70D08ACBF.tsv"
".\source_traceability\registries\v37_2_all_figures_source_traceability__Figure_1_manifest_v36_20260516_061604__20260516_064005__20260516_065305__postR_20260516_065323.tsv",".\source_traceability\registries\trace_registry_012_20F70D08ACBF.tsv","v37_2_all_figures_source_traceability__Figure_1_manifest_v36_20260516_061604__20260516_064005__20260516_065305__postR_20260516_065323.tsv","trace_registry_012_20F70D08ACBF.tsv"
".\source_traceability\registries\v37_2_all_figures_source_traceability__Figure_1_manifest_v36_20260516_061604__20260516_064005__20260516_065305__postR_20260516_065323__postR_20260516_065323.tsv",".\source_traceability\registries\trace_registry_013_20F70D08ACBF.tsv","v37_2_all_figures_source_traceability__Figure_1_manifest_v36_20260516_061604__20260516_064005__20260516_065305__postR_20260516_065323__postR_20260516_065323.tsv","trace_registry_013_20F70D08ACBF.tsv"
".\source_traceability\registries\v37_2_all_figures_source_traceability__Figure_1_manifest_v36_20260516_061604__20260516_064005__postR_20260516_065323__postR_20260516_065323.tsv",".\source_traceability\registries\trace_registry_014_20F70D08ACBF.tsv","v37_2_all_figures_source_traceability__Figure_1_manifest_v36_20260516_061604__20260516_064005__postR_20260516_065323__postR_20260516_065323.tsv","trace_registry_014_20F70D08ACBF.tsv"
".\source_traceability\registries\v37_2_all_figures_source_traceability__Figure_1_manifest_v36_20260516_061604__20260516_065305__20260516_065305__postR_20260516_065323.tsv",".\source_traceability\registries\trace_registry_015_20F70D08ACBF.tsv","v37_2_all_figures_source_traceability__Figure_1_manifest_v36_20260516_061604__20260516_065305__20260516_065305__postR_20260516_065323.tsv","trace_registry_015_20F70D08ACBF.tsv"
".\source_traceability\registries\v37_2_all_figures_source_traceability__Figure_1_manifest_v36_20260516_061604__20260516_065305__20260516_065305__postR_20260516_065323__postR_20260516_065323.tsv",".\source_traceability\registries\trace_registry_016_20F70D08ACBF.tsv","v37_2_all_figures_source_traceability__Figure_1_manifest_v36_20260516_061604__20260516_065305__20260516_065305__postR_20260516_065323__postR_20260516_065323.tsv","trace_registry_016_20F70D08ACBF.tsv"
".\source_traceability\registries\v37_2_all_figures_source_traceability__Figure_1_manifest_v36_20260516_061604__20260516_065305__postR_20260516_065323__postR_20260516_065323.tsv",".\source_traceability\registries\trace_registry_017_20F70D08ACBF.tsv","v37_2_all_figures_source_traceability__Figure_1_manifest_v36_20260516_061604__20260516_065305__postR_20260516_065323__postR_20260516_065323.tsv","trace_registry_017_20F70D08ACBF.tsv"
".\source_traceability\registries\v37_2_all_figures_source_traceability__Figure_1_manifest_v36_20260516_061604__postR_20260516_065323__postR_20260516_065323.tsv",".\source_traceability\registries\trace_registry_018_20F70D08ACBF.tsv","v37_2_all_figures_source_traceability__Figure_1_manifest_v36_20260516_061604__postR_20260516_065323__postR_20260516_065323.tsv","trace_registry_018_20F70D08ACBF.tsv"
".\source_traceability\registries\v37_2_all_figures_source_traceability__Figure_1_manifest_v37_2_20260516_065312__postR_20260516_065323__postR_20260516_065323.tsv",".\source_traceability\registries\trace_registry_019_886CCC7D73A1.tsv","v37_2_all_figures_source_traceability__Figure_1_manifest_v37_2_20260516_065312__postR_20260516_065323__postR_20260516_065323.tsv","trace_registry_019_886CCC7D73A1.tsv"
".\source_traceability\registries\v37_2_all_figures_source_traceability__Figure_2_manifest_v36_20260516_061608__20260516_064005__20260516_065305__postR_20260516_065323.tsv",".\source_traceability\registries\trace_registry_020_AF6966B8A9E0.tsv","v37_2_all_figures_source_traceability__Figure_2_manifest_v36_20260516_061608__20260516_064005__20260516_065305__postR_20260516_065323.tsv","trace_registry_020_AF6966B8A9E0.tsv"
".\source_traceability\registries\v37_2_all_figures_source_traceability__Figure_2_manifest_v37_1_20260516_063955__20260516_064004__20260516_065305__postR_20260516_065323.tsv",".\source_traceability\registries\trace_registry_021_1F37D0A14DED.tsv","v37_2_all_figures_source_traceability__Figure_2_manifest_v37_1_20260516_063955__20260516_064004__20260516_065305__postR_20260516_065323.tsv","trace_registry_021_1F37D0A14DED.tsv"
".\source_traceability\registries\v37_2_all_figures_source_traceability__Figure_2_manifest_v37_1_20260516_063955__20260516_064004__postR_20260516_065323.tsv",".\source_traceability\registries\trace_registry_022_1F37D0A14DED.tsv","v37_2_all_figures_source_traceability__Figure_2_manifest_v37_1_20260516_063955__20260516_064004__postR_20260516_065323.tsv","trace_registry_022_1F37D0A14DED.tsv"
".\source_traceability\registries\v37_2_all_figures_source_traceability__Figure_2_manifest_v37_1_20260516_063955__20260516_064005__20260516_065305__postR_20260516_065323.tsv",".\source_traceability\registries\trace_registry_023_1F37D0A14DED.tsv","v37_2_all_figures_source_traceability__Figure_2_manifest_v37_1_20260516_063955__20260516_064005__20260516_065305__postR_20260516_065323.tsv","trace_registry_023_1F37D0A14DED.tsv"
".\source_traceability\registries\v37_2_all_figures_source_traceability__Figure_2_manifest_v37_1_20260516_063955__20260516_064005__postR_20260516_065323.tsv",".\source_traceability\registries\trace_registry_024_1F37D0A14DED.tsv","v37_2_all_figures_source_traceability__Figure_2_manifest_v37_1_20260516_063955__20260516_064005__postR_20260516_065323.tsv","trace_registry_024_1F37D0A14DED.tsv"
".\source_traceability\registries\v37_2_all_figures_source_traceability__Figure_2_manifest_v37_1_20260516_063955__20260516_065305__postR_20260516_065323.tsv",".\source_traceability\registries\trace_registry_025_1F37D0A14DED.tsv","v37_2_all_figures_source_traceability__Figure_2_manifest_v37_1_20260516_063955__20260516_065305__postR_20260516_065323.tsv","trace_registry_025_1F37D0A14DED.tsv"
".\source_traceability\registries\v37_2_all_figures_source_traceability__Figure_2_source_registry_v37_1_20260516_063955__20260516_064004__20260516_065305.tsv",".\source_traceability\registries\trace_registry_026_D04295AE88E6.tsv","v37_2_all_figures_source_traceability__Figure_2_source_registry_v37_1_20260516_063955__20260516_064004__20260516_065305.tsv","trace_registry_026_D04295AE88E6.tsv"
".\source_traceability\registries\v37_2_all_figures_source_traceability__Figure_2_source_registry_v37_1_20260516_063955__20260516_064004__20260516_065305__postR_20260516_065323.tsv",".\source_traceability\registries\trace_registry_027_D04295AE88E6.tsv","v37_2_all_figures_source_traceability__Figure_2_source_registry_v37_1_20260516_063955__20260516_064004__20260516_065305__postR_20260516_065323.tsv","trace_registry_027_D04295AE88E6.tsv"
".\source_traceability\registries\v37_2_all_figures_source_traceability__Figure_2_source_registry_v37_1_20260516_063955__20260516_064004__postR_20260516_065323.tsv",".\source_traceability\registries\trace_registry_028_D04295AE88E6.tsv","v37_2_all_figures_source_traceability__Figure_2_source_registry_v37_1_20260516_063955__20260516_064004__postR_20260516_065323.tsv","trace_registry_028_D04295AE88E6.tsv"
".\source_traceability\registries\v37_2_all_figures_source_traceability__Figure_2_source_registry_v37_1_20260516_063955__20260516_065305__postR_20260516_065323.tsv",".\source_traceability\registries\trace_registry_029_D04295AE88E6.tsv","v37_2_all_figures_source_traceability__Figure_2_source_registry_v37_1_20260516_063955__20260516_065305__postR_20260516_065323.tsv","trace_registry_029_D04295AE88E6.tsv"
".\source_traceability\registries\v37_2_all_figures_source_traceability__Figure_3_manifest_v30_2_20260516_050400__20260516_065305__20260516_065305__postR_20260516_065323.tsv",".\source_traceability\registries\trace_registry_030_8C2C4B5F0E26.tsv","v37_2_all_figures_source_traceability__Figure_3_manifest_v30_2_20260516_050400__20260516_065305__20260516_065305__postR_20260516_065323.tsv","trace_registry_030_8C2C4B5F0E26.tsv"
".\source_traceability\registries\v37_2_all_figures_source_traceability__Figure_3_manifest_v30_2_20260516_050400__20260516_065305__20260516_065305__postR_20260516_065323__postR_20260516_065323.tsv",".\source_traceability\registries\trace_registry_031_8C2C4B5F0E26.tsv","v37_2_all_figures_source_traceability__Figure_3_manifest_v30_2_20260516_050400__20260516_065305__20260516_065305__postR_20260516_065323__postR_20260516_065323.tsv","trace_registry_031_8C2C4B5F0E26.tsv"
".\source_traceability\registries\v37_2_all_figures_source_traceability__Figure_3_manifest_v30_2_20260516_050400__20260516_065305__postR_20260516_065323.tsv",".\source_traceability\registries\trace_registry_032_8C2C4B5F0E26.tsv","v37_2_all_figures_source_traceability__Figure_3_manifest_v30_2_20260516_050400__20260516_065305__postR_20260516_065323.tsv","trace_registry_032_8C2C4B5F0E26.tsv"
".\source_traceability\registries\v37_2_all_figures_source_traceability__Figure_3_manifest_v30_2_20260516_050400__20260516_065305__postR_20260516_065323__postR_20260516_065323.tsv",".\source_traceability\registries\trace_registry_033_8C2C4B5F0E26.tsv","v37_2_all_figures_source_traceability__Figure_3_manifest_v30_2_20260516_050400__20260516_065305__postR_20260516_065323__postR_20260516_065323.tsv","trace_registry_033_8C2C4B5F0E26.tsv"
".\source_traceability\registries\v37_2_all_figures_source_traceability__Figure_3_manifest_v30_2_20260516_050400__postR_20260516_065323__postR_20260516_065323.tsv",".\source_traceability\registries\trace_registry_034_8C2C4B5F0E26.tsv","v37_2_all_figures_source_traceability__Figure_3_manifest_v30_2_20260516_050400__postR_20260516_065323__postR_20260516_065323.tsv","trace_registry_034_8C2C4B5F0E26.tsv"
".\source_traceability\registries\v37_2_all_figures_source_traceability__Figure_3_manifest_v30_3_20260516_051026__20260516_065305__20260516_065305__postR_20260516_065323.tsv",".\source_traceability\registries\trace_registry_035_180A4FD5B12E.tsv","v37_2_all_figures_source_traceability__Figure_3_manifest_v30_3_20260516_051026__20260516_065305__20260516_065305__postR_20260516_065323.tsv","trace_registry_035_180A4FD5B12E.tsv"
".\source_traceability\registries\v37_2_all_figures_source_traceability__Figure_3_manifest_v30_3_20260516_051026__20260516_065305__20260516_065305__postR_20260516_065323__postR_20260516_065323.tsv",".\source_traceability\registries\trace_registry_036_180A4FD5B12E.tsv","v37_2_all_figures_source_traceability__Figure_3_manifest_v30_3_20260516_051026__20260516_065305__20260516_065305__postR_20260516_065323__postR_20260516_065323.tsv","trace_registry_036_180A4FD5B12E.tsv"
".\source_traceability\registries\v37_2_all_figures_source_traceability__Figure_3_manifest_v30_3_20260516_051026__20260516_065305__postR_20260516_065323.tsv",".\source_traceability\registries\trace_registry_037_180A4FD5B12E.tsv","v37_2_all_figures_source_traceability__Figure_3_manifest_v30_3_20260516_051026__20260516_065305__postR_20260516_065323.tsv","trace_registry_037_180A4FD5B12E.tsv"
".\source_traceability\registries\v37_2_all_figures_source_traceability__Figure_3_manifest_v30_3_20260516_051026__20260516_065305__postR_20260516_065323__postR_20260516_065323.tsv",".\source_traceability\registries\trace_registry_038_180A4FD5B12E.tsv","v37_2_all_figures_source_traceability__Figure_3_manifest_v30_3_20260516_051026__20260516_065305__postR_20260516_065323__postR_20260516_065323.tsv","trace_registry_038_180A4FD5B12E.tsv"
".\source_traceability\registries\v37_2_all_figures_source_traceability__Figure_3_manifest_v30_3_20260516_051026__postR_20260516_065323__postR_20260516_065323.tsv",".\source_traceability\registries\trace_registry_039_180A4FD5B12E.tsv","v37_2_all_figures_source_traceability__Figure_3_manifest_v30_3_20260516_051026__postR_20260516_065323__postR_20260516_065323.tsv","trace_registry_039_180A4FD5B12E.tsv"
".\source_traceability\registries\v37_2_all_figures_source_traceability__Figure_3_manifest_v36_20260516_061611__20260516_064005__20260516_065305__20260516_065305.tsv",".\source_traceability\registries\trace_registry_040_51C2CCA5BE1A.tsv","v37_2_all_figures_source_traceability__Figure_3_manifest_v36_20260516_061611__20260516_064005__20260516_065305__20260516_065305.tsv","trace_registry_040_51C2CCA5BE1A.tsv"
".\source_traceability\registries\v37_2_all_figures_source_traceability__Figure_3_manifest_v36_20260516_061611__20260516_064005__20260516_065305__20260516_065305__postR_20260516_065323.tsv",".\source_traceability\registries\trace_registry_041_51C2CCA5BE1A.tsv","v37_2_all_figures_source_traceability__Figure_3_manifest_v36_20260516_061611__20260516_064005__20260516_065305__20260516_065305__postR_20260516_065323.tsv","trace_registry_041_51C2CCA5BE1A.tsv"
"","","v37_2_all_figures_source_traceability__Figure_3_manifest_v36_20260516_061611__20260516_064005__20260516_065305__20260516_065305__postR_20260516_065323__postR_20260516_065323.tsv","trace_registry_042_51C2CCA5BE1A.tsv"
".\source_traceability\registries\v37_2_all_figures_source_traceability__Figure_3_manifest_v36_20260516_061611__20260516_064005__20260516_065305__postR_20260516_065323.tsv",".\source_traceability\registries\trace_registry_043_51C2CCA5BE1A.tsv","v37_2_all_figures_source_traceability__Figure_3_manifest_v36_20260516_061611__20260516_064005__20260516_065305__postR_20260516_065323.tsv","trace_registry_043_51C2CCA5BE1A.tsv"
".\source_traceability\registries\v37_2_all_figures_source_traceability__Figure_3_manifest_v36_20260516_061611__20260516_064005__20260516_065305__postR_20260516_065323__postR_20260516_065323.tsv",".\source_traceability\registries\trace_registry_044_51C2CCA5BE1A.tsv","v37_2_all_figures_source_traceability__Figure_3_manifest_v36_20260516_061611__20260516_064005__20260516_065305__postR_20260516_065323__postR_20260516_065323.tsv","trace_registry_044_51C2CCA5BE1A.tsv"
".\source_traceability\registries\v37_2_all_figures_source_traceability__Figure_3_manifest_v36_20260516_061611__20260516_064005__postR_20260516_065323__postR_20260516_065323.tsv",".\source_traceability\registries\trace_registry_045_51C2CCA5BE1A.tsv","v37_2_all_figures_source_traceability__Figure_3_manifest_v36_20260516_061611__20260516_064005__postR_20260516_065323__postR_20260516_065323.tsv","trace_registry_045_51C2CCA5BE1A.tsv"
".\source_traceability\registries\v37_2_all_figures_source_traceability__Figure_3_manifest_v36_20260516_061611__20260516_065305__20260516_065305__postR_20260516_065323.tsv",".\source_traceability\registries\trace_registry_046_51C2CCA5BE1A.tsv","v37_2_all_figures_source_traceability__Figure_3_manifest_v36_20260516_061611__20260516_065305__20260516_065305__postR_20260516_065323.tsv","trace_registry_046_51C2CCA5BE1A.tsv"
".\source_traceability\registries\v37_2_all_figures_source_traceability__Figure_3_manifest_v36_20260516_061611__20260516_065305__20260516_065305__postR_20260516_065323__postR_20260516_065323.tsv",".\source_traceability\registries\trace_registry_047_51C2CCA5BE1A.tsv","v37_2_all_figures_source_traceability__Figure_3_manifest_v36_20260516_061611__20260516_065305__20260516_065305__postR_20260516_065323__postR_20260516_065323.tsv","trace_registry_047_51C2CCA5BE1A.tsv"
".\source_traceability\registries\v37_2_all_figures_source_traceability__Figure_3_manifest_v36_20260516_061611__20260516_065305__postR_20260516_065323__postR_20260516_065323.tsv",".\source_traceability\registries\trace_registry_048_51C2CCA5BE1A.tsv","v37_2_all_figures_source_traceability__Figure_3_manifest_v36_20260516_061611__20260516_065305__postR_20260516_065323__postR_20260516_065323.tsv","trace_registry_048_51C2CCA5BE1A.tsv"
".\source_traceability\registries\v37_2_all_figures_source_traceability__Figure_3_manifest_v36_20260516_061611__postR_20260516_065323__postR_20260516_065323.tsv",".\source_traceability\registries\trace_registry_049_51C2CCA5BE1A.tsv","v37_2_all_figures_source_traceability__Figure_3_manifest_v36_20260516_061611__postR_20260516_065323__postR_20260516_065323.tsv","trace_registry_049_51C2CCA5BE1A.tsv"
".\source_traceability\registries\v37_2_all_figures_source_traceability__Figure_3_manifest_v37_2_20260516_065315__postR_20260516_065323__postR_20260516_065323.tsv",".\source_traceability\registries\trace_registry_050_AB140101B3A9.tsv","v37_2_all_figures_source_traceability__Figure_3_manifest_v37_2_20260516_065315__postR_20260516_065323__postR_20260516_065323.tsv","trace_registry_050_AB140101B3A9.tsv"
".\source_traceability\registries\v37_2_all_figures_source_traceability__Figure_5_manifest_v36_20260516_061614__20260516_064005__20260516_065305__postR_20260516_065323.tsv",".\source_traceability\registries\trace_registry_051_A41176D3EA5F.tsv","v37_2_all_figures_source_traceability__Figure_5_manifest_v36_20260516_061614__20260516_064005__20260516_065305__postR_20260516_065323.tsv","trace_registry_051_A41176D3EA5F.tsv"
".\source_traceability\registries\v37_2_all_figures_source_traceability__Figure_5_manifest_v37_1_20260516_063959__20260516_064004__20260516_065305__postR_20260516_065323.tsv",".\source_traceability\registries\trace_registry_052_A68EA66FEF36.tsv","v37_2_all_figures_source_traceability__Figure_5_manifest_v37_1_20260516_063959__20260516_064004__20260516_065305__postR_20260516_065323.tsv","trace_registry_052_A68EA66FEF36.tsv"
".\source_traceability\registries\v37_2_all_figures_source_traceability__Figure_5_manifest_v37_1_20260516_063959__20260516_064004__postR_20260516_065323.tsv",".\source_traceability\registries\trace_registry_053_A68EA66FEF36.tsv","v37_2_all_figures_source_traceability__Figure_5_manifest_v37_1_20260516_063959__20260516_064004__postR_20260516_065323.tsv","trace_registry_053_A68EA66FEF36.tsv"
".\source_traceability\registries\v37_2_all_figures_source_traceability__Figure_5_manifest_v37_1_20260516_063959__20260516_064005__20260516_065305__postR_20260516_065323.tsv",".\source_traceability\registries\trace_registry_054_A68EA66FEF36.tsv","v37_2_all_figures_source_traceability__Figure_5_manifest_v37_1_20260516_063959__20260516_064005__20260516_065305__postR_20260516_065323.tsv","trace_registry_054_A68EA66FEF36.tsv"
".\source_traceability\registries\v37_2_all_figures_source_traceability__Figure_5_manifest_v37_1_20260516_063959__20260516_064005__postR_20260516_065323.tsv",".\source_traceability\registries\trace_registry_055_A68EA66FEF36.tsv","v37_2_all_figures_source_traceability__Figure_5_manifest_v37_1_20260516_063959__20260516_064005__postR_20260516_065323.tsv","trace_registry_055_A68EA66FEF36.tsv"
".\source_traceability\registries\v37_2_all_figures_source_traceability__Figure_5_manifest_v37_1_20260516_063959__20260516_065305__postR_20260516_065323.tsv",".\source_traceability\registries\trace_registry_056_A68EA66FEF36.tsv","v37_2_all_figures_source_traceability__Figure_5_manifest_v37_1_20260516_063959__20260516_065305__postR_20260516_065323.tsv","trace_registry_056_A68EA66FEF36.tsv"
".\source_traceability\registries\v37_2_all_figures_source_traceability__Figure_5_source_registry_v37_1_20260516_063959__20260516_064004__20260516_065305.tsv",".\source_traceability\registries\trace_registry_057_59BBC0856EC5.tsv","v37_2_all_figures_source_traceability__Figure_5_source_registry_v37_1_20260516_063959__20260516_064004__20260516_065305.tsv","trace_registry_057_59BBC0856EC5.tsv"
".\source_traceability\registries\v37_2_all_figures_source_traceability__Figure_5_source_registry_v37_1_20260516_063959__20260516_064004__20260516_065305__postR_20260516_065323.tsv",".\source_traceability\registries\trace_registry_058_59BBC0856EC5.tsv","v37_2_all_figures_source_traceability__Figure_5_source_registry_v37_1_20260516_063959__20260516_064004__20260516_065305__postR_20260516_065323.tsv","trace_registry_058_59BBC0856EC5.tsv"
".\source_traceability\registries\v37_2_all_figures_source_traceability__Figure_5_source_registry_v37_1_20260516_063959__20260516_064004__postR_20260516_065323.tsv",".\source_traceability\registries\trace_registry_059_59BBC0856EC5.tsv","v37_2_all_figures_source_traceability__Figure_5_source_registry_v37_1_20260516_063959__20260516_064004__postR_20260516_065323.tsv","trace_registry_059_59BBC0856EC5.tsv"
".\source_traceability\registries\v37_2_all_figures_source_traceability__Figure_5_source_registry_v37_1_20260516_063959__20260516_065305__postR_20260516_065323.tsv",".\source_traceability\registries\trace_registry_060_59BBC0856EC5.tsv","v37_2_all_figures_source_traceability__Figure_5_source_registry_v37_1_20260516_063959__20260516_065305__postR_20260516_065323.tsv","trace_registry_060_59BBC0856EC5.tsv"
".\source_traceability\registries\v37_3_hotfix_traceability__Figure_1_manifest_20260516_044841__20260516_065305__20260516_065305__postR_20260516_065323.tsv",".\source_traceability\registries\trace_registry_061_33C7239D515D.tsv","v37_3_hotfix_traceability__Figure_1_manifest_20260516_044841__20260516_065305__20260516_065305__postR_20260516_065323.tsv","trace_registry_061_33C7239D515D.tsv"
".\source_traceability\registries\v37_3_hotfix_traceability__Figure_1_manifest_20260516_044841__20260516_065305__20260516_065305__postR_20260516_065323__postR_20260516_065323.tsv",".\source_traceability\registries\trace_registry_062_33C7239D515D.tsv","v37_3_hotfix_traceability__Figure_1_manifest_20260516_044841__20260516_065305__20260516_065305__postR_20260516_065323__postR_20260516_065323.tsv","trace_registry_062_33C7239D515D.tsv"
".\source_traceability\registries\v37_3_hotfix_traceability__Figure_1_manifest_20260516_044841__20260516_065305__postR_20260516_065323__postR_20260516_065323.tsv",".\source_traceability\registries\trace_registry_063_33C7239D515D.tsv","v37_3_hotfix_traceability__Figure_1_manifest_20260516_044841__20260516_065305__postR_20260516_065323__postR_20260516_065323.tsv","trace_registry_063_33C7239D515D.tsv"
".\source_traceability\registries\v37_3_hotfix_traceability__Figure_1_manifest_20260516_045536__20260516_065305__20260516_065305__postR_20260516_065323.tsv",".\source_traceability\registries\trace_registry_064_D6CDD1165771.tsv","v37_3_hotfix_traceability__Figure_1_manifest_20260516_045536__20260516_065305__20260516_065305__postR_20260516_065323.tsv","trace_registry_064_D6CDD1165771.tsv"
".\source_traceability\registries\v37_3_hotfix_traceability__Figure_1_manifest_20260516_045536__20260516_065305__20260516_065305__postR_20260516_065323__postR_20260516_065323.tsv",".\source_traceability\registries\trace_registry_065_D6CDD1165771.tsv","v37_3_hotfix_traceability__Figure_1_manifest_20260516_045536__20260516_065305__20260516_065305__postR_20260516_065323__postR_20260516_065323.tsv","trace_registry_065_D6CDD1165771.tsv"
".\source_traceability\registries\v37_3_hotfix_traceability__Figure_1_manifest_20260516_045536__20260516_065305__postR_20260516_065323__postR_20260516_065323.tsv",".\source_traceability\registries\trace_registry_066_D6CDD1165771.tsv","v37_3_hotfix_traceability__Figure_1_manifest_20260516_045536__20260516_065305__postR_20260516_065323__postR_20260516_065323.tsv","trace_registry_066_D6CDD1165771.tsv"
".\source_traceability\registries\v37_3_hotfix_traceability__Figure_1_manifest_v36_20260516_061604__20260516_064005__20260516_065305__20260516_065305__postR_20260516_065323.tsv",".\source_traceability\registries\trace_registry_067_20F70D08ACBF.tsv","v37_3_hotfix_traceability__Figure_1_manifest_v36_20260516_061604__20260516_064005__20260516_065305__20260516_065305__postR_20260516_065323.tsv","trace_registry_067_20F70D08ACBF.tsv"
".\source_traceability\registries\v37_3_hotfix_traceability__Figure_1_manifest_v36_20260516_061604__20260516_064005__20260516_065305__postR_20260516_065323.tsv",".\source_traceability\registries\trace_registry_068_20F70D08ACBF.tsv","v37_3_hotfix_traceability__Figure_1_manifest_v36_20260516_061604__20260516_064005__20260516_065305__postR_20260516_065323.tsv","trace_registry_068_20F70D08ACBF.tsv"
".\source_traceability\registries\v37_3_hotfix_traceability__Figure_1_manifest_v36_20260516_061604__20260516_064005__20260516_065305__postR_20260516_065323__postR_20260516_065323.tsv",".\source_traceability\registries\trace_registry_069_20F70D08ACBF.tsv","v37_3_hotfix_traceability__Figure_1_manifest_v36_20260516_061604__20260516_064005__20260516_065305__postR_20260516_065323__postR_20260516_065323.tsv","trace_registry_069_20F70D08ACBF.tsv"
".\source_traceability\registries\v37_3_hotfix_traceability__Figure_1_manifest_v36_20260516_061604__20260516_064005__postR_20260516_065323__postR_20260516_065323.tsv",".\source_traceability\registries\trace_registry_070_20F70D08ACBF.tsv","v37_3_hotfix_traceability__Figure_1_manifest_v36_20260516_061604__20260516_064005__postR_20260516_065323__postR_20260516_065323.tsv","trace_registry_070_20F70D08ACBF.tsv"
".\source_traceability\registries\v37_3_hotfix_traceability__Figure_1_manifest_v36_20260516_061604__20260516_065305__20260516_065305__postR_20260516_065323.tsv",".\source_traceability\registries\trace_registry_071_20F70D08ACBF.tsv","v37_3_hotfix_traceability__Figure_1_manifest_v36_20260516_061604__20260516_065305__20260516_065305__postR_20260516_065323.tsv","trace_registry_071_20F70D08ACBF.tsv"
".\source_traceability\registries\v37_3_hotfix_traceability__Figure_1_manifest_v36_20260516_061604__20260516_065305__20260516_065305__postR_20260516_065323__postR_20260516_065323.tsv",".\source_traceability\registries\trace_registry_072_20F70D08ACBF.tsv","v37_3_hotfix_traceability__Figure_1_manifest_v36_20260516_061604__20260516_065305__20260516_065305__postR_20260516_065323__postR_20260516_065323.tsv","trace_registry_072_20F70D08ACBF.tsv"
".\source_traceability\registries\v37_3_hotfix_traceability__Figure_1_manifest_v36_20260516_061604__20260516_065305__postR_20260516_065323__postR_20260516_065323.tsv",".\source_traceability\registries\trace_registry_073_20F70D08ACBF.tsv","v37_3_hotfix_traceability__Figure_1_manifest_v36_20260516_061604__20260516_065305__postR_20260516_065323__postR_20260516_065323.tsv","trace_registry_073_20F70D08ACBF.tsv"
".\source_traceability\registries\v37_3_hotfix_traceability__Figure_2_manifest_v36_20260516_061608__20260516_064005__20260516_065305__postR_20260516_065323.tsv",".\source_traceability\registries\trace_registry_074_AF6966B8A9E0.tsv","v37_3_hotfix_traceability__Figure_2_manifest_v36_20260516_061608__20260516_064005__20260516_065305__postR_20260516_065323.tsv","trace_registry_074_AF6966B8A9E0.tsv"
".\source_traceability\registries\v37_3_hotfix_traceability__Figure_2_manifest_v37_1_20260516_063955__20260516_064004__20260516_065305__postR_20260516_065323.tsv",".\source_traceability\registries\trace_registry_075_1F37D0A14DED.tsv","v37_3_hotfix_traceability__Figure_2_manifest_v37_1_20260516_063955__20260516_064004__20260516_065305__postR_20260516_065323.tsv","trace_registry_075_1F37D0A14DED.tsv"
".\source_traceability\registries\v37_3_hotfix_traceability__Figure_2_manifest_v37_1_20260516_063955__20260516_064005__20260516_065305__postR_20260516_065323.tsv",".\source_traceability\registries\trace_registry_076_1F37D0A14DED.tsv","v37_3_hotfix_traceability__Figure_2_manifest_v37_1_20260516_063955__20260516_064005__20260516_065305__postR_20260516_065323.tsv","trace_registry_076_1F37D0A14DED.tsv"
".\source_traceability\registries\v37_3_hotfix_traceability__Figure_2_source_registry_v37_1_20260516_063955__20260516_064004__20260516_065305__postR_20260516_065323.tsv",".\source_traceability\registries\trace_registry_077_D04295AE88E6.tsv","v37_3_hotfix_traceability__Figure_2_source_registry_v37_1_20260516_063955__20260516_064004__20260516_065305__postR_20260516_065323.tsv","trace_registry_077_D04295AE88E6.tsv"
".\source_traceability\registries\v37_3_hotfix_traceability__Figure_3_manifest_v30_2_20260516_050400__20260516_065305__20260516_065305__postR_20260516_065323.tsv",".\source_traceability\registries\trace_registry_078_8C2C4B5F0E26.tsv","v37_3_hotfix_traceability__Figure_3_manifest_v30_2_20260516_050400__20260516_065305__20260516_065305__postR_20260516_065323.tsv","trace_registry_078_8C2C4B5F0E26.tsv"
".\source_traceability\registries\v37_3_hotfix_traceability__Figure_3_manifest_v30_2_20260516_050400__20260516_065305__20260516_065305__postR_20260516_065323__postR_20260516_065323.tsv",".\source_traceability\registries\trace_registry_079_8C2C4B5F0E26.tsv","v37_3_hotfix_traceability__Figure_3_manifest_v30_2_20260516_050400__20260516_065305__20260516_065305__postR_20260516_065323__postR_20260516_065323.tsv","trace_registry_079_8C2C4B5F0E26.tsv"
".\source_traceability\registries\v37_3_hotfix_traceability__Figure_3_manifest_v30_2_20260516_050400__20260516_065305__postR_20260516_065323__postR_20260516_065323.tsv",".\source_traceability\registries\trace_registry_080_8C2C4B5F0E26.tsv","v37_3_hotfix_traceability__Figure_3_manifest_v30_2_20260516_050400__20260516_065305__postR_20260516_065323__postR_20260516_065323.tsv","trace_registry_080_8C2C4B5F0E26.tsv"
".\source_traceability\registries\v37_3_hotfix_traceability__Figure_3_manifest_v30_3_20260516_051026__20260516_065305__20260516_065305__postR_20260516_065323.tsv",".\source_traceability\registries\trace_registry_081_180A4FD5B12E.tsv","v37_3_hotfix_traceability__Figure_3_manifest_v30_3_20260516_051026__20260516_065305__20260516_065305__postR_20260516_065323.tsv","trace_registry_081_180A4FD5B12E.tsv"
".\source_traceability\registries\v37_3_hotfix_traceability__Figure_3_manifest_v30_3_20260516_051026__20260516_065305__20260516_065305__postR_20260516_065323__postR_20260516_065323.tsv",".\source_traceability\registries\trace_registry_082_180A4FD5B12E.tsv","v37_3_hotfix_traceability__Figure_3_manifest_v30_3_20260516_051026__20260516_065305__20260516_065305__postR_20260516_065323__postR_20260516_065323.tsv","trace_registry_082_180A4FD5B12E.tsv"
".\source_traceability\registries\v37_3_hotfix_traceability__Figure_3_manifest_v30_3_20260516_051026__20260516_065305__postR_20260516_065323__postR_20260516_065323.tsv",".\source_traceability\registries\trace_registry_083_180A4FD5B12E.tsv","v37_3_hotfix_traceability__Figure_3_manifest_v30_3_20260516_051026__20260516_065305__postR_20260516_065323__postR_20260516_065323.tsv","trace_registry_083_180A4FD5B12E.tsv"
".\source_traceability\registries\v37_3_hotfix_traceability__Figure_3_manifest_v36_20260516_061611__20260516_064005__20260516_065305__20260516_065305__postR_20260516_065323.tsv",".\source_traceability\registries\trace_registry_084_51C2CCA5BE1A.tsv","v37_3_hotfix_traceability__Figure_3_manifest_v36_20260516_061611__20260516_064005__20260516_065305__20260516_065305__postR_20260516_065323.tsv","trace_registry_084_51C2CCA5BE1A.tsv"
".\source_traceability\registries\v37_3_hotfix_traceability__Figure_3_manifest_v36_20260516_061611__20260516_064005__20260516_065305__postR_20260516_065323.tsv",".\source_traceability\registries\trace_registry_085_51C2CCA5BE1A.tsv","v37_3_hotfix_traceability__Figure_3_manifest_v36_20260516_061611__20260516_064005__20260516_065305__postR_20260516_065323.tsv","trace_registry_085_51C2CCA5BE1A.tsv"
".\source_traceability\registries\v37_3_hotfix_traceability__Figure_3_manifest_v36_20260516_061611__20260516_064005__20260516_065305__postR_20260516_065323__postR_20260516_065323.tsv",".\source_traceability\registries\trace_registry_086_51C2CCA5BE1A.tsv","v37_3_hotfix_traceability__Figure_3_manifest_v36_20260516_061611__20260516_064005__20260516_065305__postR_20260516_065323__postR_20260516_065323.tsv","trace_registry_086_51C2CCA5BE1A.tsv"
".\source_traceability\registries\v37_3_hotfix_traceability__Figure_3_manifest_v36_20260516_061611__20260516_064005__postR_20260516_065323__postR_20260516_065323.tsv",".\source_traceability\registries\trace_registry_087_51C2CCA5BE1A.tsv","v37_3_hotfix_traceability__Figure_3_manifest_v36_20260516_061611__20260516_064005__postR_20260516_065323__postR_20260516_065323.tsv","trace_registry_087_51C2CCA5BE1A.tsv"
".\source_traceability\registries\v37_3_hotfix_traceability__Figure_3_manifest_v36_20260516_061611__20260516_065305__20260516_065305__postR_20260516_065323.tsv",".\source_traceability\registries\trace_registry_088_51C2CCA5BE1A.tsv","v37_3_hotfix_traceability__Figure_3_manifest_v36_20260516_061611__20260516_065305__20260516_065305__postR_20260516_065323.tsv","trace_registry_088_51C2CCA5BE1A.tsv"
".\source_traceability\registries\v37_3_hotfix_traceability__Figure_3_manifest_v36_20260516_061611__20260516_065305__20260516_065305__postR_20260516_065323__postR_20260516_065323.tsv",".\source_traceability\registries\trace_registry_089_51C2CCA5BE1A.tsv","v37_3_hotfix_traceability__Figure_3_manifest_v36_20260516_061611__20260516_065305__20260516_065305__postR_20260516_065323__postR_20260516_065323.tsv","trace_registry_089_51C2CCA5BE1A.tsv"
".\source_traceability\registries\v37_3_hotfix_traceability__Figure_3_manifest_v36_20260516_061611__20260516_065305__postR_20260516_065323__postR_20260516_065323.tsv",".\source_traceability\registries\trace_registry_090_51C2CCA5BE1A.tsv","v37_3_hotfix_traceability__Figure_3_manifest_v36_20260516_061611__20260516_065305__postR_20260516_065323__postR_20260516_065323.tsv","trace_registry_090_51C2CCA5BE1A.tsv"
".\source_traceability\registries\v37_3_hotfix_traceability__Figure_5_manifest_v36_20260516_061614__20260516_064005__20260516_065305__postR_20260516_065323.tsv",".\source_traceability\registries\trace_registry_091_A41176D3EA5F.tsv","v37_3_hotfix_traceability__Figure_5_manifest_v36_20260516_061614__20260516_064005__20260516_065305__postR_20260516_065323.tsv","trace_registry_091_A41176D3EA5F.tsv"
".\source_traceability\registries\v37_3_hotfix_traceability__Figure_5_manifest_v37_1_20260516_063959__20260516_064004__20260516_065305__postR_20260516_065323.tsv",".\source_traceability\registries\trace_registry_092_A68EA66FEF36.tsv","v37_3_hotfix_traceability__Figure_5_manifest_v37_1_20260516_063959__20260516_064004__20260516_065305__postR_20260516_065323.tsv","trace_registry_092_A68EA66FEF36.tsv"
".\source_traceability\registries\v37_3_hotfix_traceability__Figure_5_manifest_v37_1_20260516_063959__20260516_064005__20260516_065305__postR_20260516_065323.tsv",".\source_traceability\registries\trace_registry_093_A68EA66FEF36.tsv","v37_3_hotfix_traceability__Figure_5_manifest_v37_1_20260516_063959__20260516_064005__20260516_065305__postR_20260516_065323.tsv","trace_registry_093_A68EA66FEF36.tsv"
".\source_traceability\registries\v37_3_hotfix_traceability__Figure_5_source_registry_v37_1_20260516_063959__20260516_064004__20260516_065305__postR_20260516_065323.tsv",".\source_traceability\registries\trace_registry_094_59BBC0856EC5.tsv","v37_3_hotfix_traceability__Figure_5_source_registry_v37_1_20260516_063959__20260516_064004__20260516_065305__postR_20260516_065323.tsv","trace_registry_094_59BBC0856EC5.tsv"
